{
  "IB_Math_AA_SL": [
    {
      "level": "Easy",
      "content": "Binomial Expansion & Theorem, Pascal’s Triangle & The Binomial Coefficient nCr…",
      "title": "Đại số"
    },
    {
      "level": "Medium",
      "content": "Binomial Expansion & Theorem, Pascal’s Triangle & The Binomial Coefficient nCr…",
      "title": "Tích phân"
    },
    {
      "level": "Hard",
      "content": "Binomial Expansion & Theorem, Pascal’s Triangle & The Binomial Coefficient nCr…",
      "title": "Đạo hàm"
    },
    {
      "level": "Easy",
      "content": "Binomial Expansion & Theorem, Pascal’s Triangle & The Binomial Coefficient nCr…",
      "title": "bài học 2"
    },
    {
      "level": "Easy",
      "content": "Binomial Expansion & Theorem, Pascal’s Triangle & The Binomial Coefficient nCr…",
      "title": "Binomial Theorem"
    },
    {
      "level": "Easy",
      "content": "Binomial Expansion & Theorem, Pascal’s Triangle & The Binomial Coefficient nCr…",
      "title": "bài học dễ"
    }
  ],

  "IB Math AA HL": [
    {
      "level": "Easy",
      "content": "Binomial Expansion & Theorem, Pascal’s Triangle & The Binomial Coefficient nCr…",
      "title": "Đại số"
    },
    {
      "level": "Medium",
      "content": "Binomial Expansion & Theorem, Pascal’s Triangle & The Binomial Coefficient nCr…",
      "title": "Tích phân"
    },
    {
      "level": "Hard",
      "content": "Binomial Expansion & Theorem, Pascal’s Triangle & The Binomial Coefficient nCr…",
      "title": "Đạo hàm"
    },
    {
      "level": "Easy",
      "content": "Binomial Expansion & Theorem, Pascal’s Triangle & The Binomial Coefficient nCr…",
      "title": "bài học 2"
    },
    {
      "level": "Easy",
      "content": "Binomial Expansion & Theorem, Pascal’s Triangle & The Binomial Coefficient nCr…",
      "title": "Binomial Theorem"
    },
    {
      "level": "Easy",
      "content": "Binomial Expansion & Theorem, Pascal’s Triangle & The Binomial Coefficient nCr…",
      "title": "bài học dễ"
    }
  ]
}
