[
  {
    "id": "IB Math",
    "title": {
      "content": "IB Math AA SL",
      "topic": [
        "Topic",
        "Exam"
      ]
    }
  },
  {
    "id": "IB Math",
    "title": {
      "content": "IB Math AA HL",
      "topic": [
        "Topic",
        "Exam"
      ]
    }
  },
  {
    "id": "IB Biology",
    "title": {
      "content": "IB Biology SL",
      "topic": []
    }
  },
  {
    "id": "IB Biology",
    "title": {
      "content": "IB Biology HL",
      "topic": []
    }
  }
]