[
    {
        "id": "1",
        "question": "http://localhost:44000/imgdata/IB_Math_AA_HL/Topic/INTEGRATION/img/question/question1.jpg",
        "mark": "http://localhost:44000/imgdata/IB_Math_AA_HL/Topic/INTEGRATION/img/mark/mark1.jpg",
        "formula": "http://localhost:44000/imgdata/IB_Math_AA_HL/Topic/INTEGRATION/img/formula/formula1.jpg",
        "type": "easy"
    },
    {
        "id": "2",
        "question": "http://localhost:44000/imgdata/IB_Math_AA_HL/Topic/INTEGRATION/img/question/question2.jpg",
        "mark": "http://localhost:44000/imgdata/IB_Math_AA_HL/Topic/INTEGRATION/img/mark/mark2.jpg",
        "formula": "http://localhost:44000/imgdata/IB_Math_AA_HL/Topic/INTEGRATION/img/formula/formula2.jpg",
        "type": "hard"
    }
]